BACIA SEDIMENTAR;TERRA/MAR;CONTRATO;BLOCO;RODADA;CONCESSIONÁRIO;PERCENTUAL
Alagoas;Terra;48610012637201743;SEAL-T-132;Rodada 14;Guindastes Brasil1 ;1
Alagoas;Mar;48610005773201868   ;SEAL-M-430;Rodada 15;ExxonMobil Brasil1 ;0,5
Alagoas;Mar;48610005773201868   ;SEAL-M-430;Rodada 15;Enauta Energia ;0,3
Almada;Mar;486100079712004;CAL-M-248;Rodada 6;Petrobras1 ;1
Almada;Mar;486100079722004;CAL-M-372;Rodada 6;Petrobras1 ;0,6
Almada;Mar;486100079722004;CAL-M-372;Rodada 6;3R Petroleum ;0,2
Amazonas;Terra;48610204665202171;AM-T-62;Oferta Permanente 2;Eneva1 ;1
Amazonas;Terra;48610204666202116;AM-T-84;Oferta Permanente 2;Eneva1 ;1
Amazonas;Terra;48610204667202161;AM-T-85;Oferta Permanente 2;Eneva1 ;1
Barreirinhas;Mar;486100107302001;BM-BAR-1;Rodada 3;Petrobras1 ;1
Barreirinhas;Mar;486100092122002;BM-BAR-3;Rodada 4;Petrobras1 ;0,6
Barreirinhas;Mar;486100092122002;BM-BAR-3;Rodada 4;BP Energy ;0,4
Barreirinhas;Mar;486100079662004;BAR-M-175;Rodada 6;Petrobras1 ;0,6
Barreirinhas;Mar;486100079662004;BAR-M-175;Rodada 6;BP Energy ;0,4
Barreirinhas;Mar;48610005426201321;BAR-M-215;Rodada 11;Shell Brasil1 ;0,65
Barreirinhas;Mar;48610005426201321;BAR-M-215;Rodada 11;PTTEP Brasil ;0,25
Barreirinhas;Mar;48610005491201356;BAR-M-217;Rodada 11;Shell Brasil1 ;0,65
Barreirinhas;Mar;48610005491201356;BAR-M-217;Rodada 11;PTTEP Brasil ;0,25
Barreirinhas;Mar;48610005424201331;BAR-M-252;Rodada 11;Shell Brasil1 ;0,65
Barreirinhas;Mar;48610005424201331;BAR-M-252;Rodada 11;PTTEP Brasil ;0,25
Barreirinhas;Mar;48610005633201385;BAR-M-254;Rodada 11;Shell Brasil1 ;0,65
Barreirinhas;Mar;48610005633201385;BAR-M-254;Rodada 11;PTTEP Brasil ;0,25
Barreirinhas;Mar;48610005454201348;BAR-M-292;Rodada 11;Chariot Brasil1 ;1
Barreirinhas;Mar;48610005423201397;BAR-M-293;Rodada 11;Chariot Brasil1 ;1
Barreirinhas;Mar;48610005429201364;BAR-M-298;Rodada 11;Shell Brasil1 ;1
Barreirinhas;Mar;48610005451201312;BAR-M-300;Rodada 11;Shell Brasil1 ;0,5
Barreirinhas;Mar;48610005451201312;BAR-M-300;Rodada 11;Petrobras ;0,4
Barreirinhas;Mar;48610005495201334;BAR-M-314;Rodada 11;Chariot Brasil1 ;1
Barreirinhas;Mar;48610005432201388;BAR-M-340;Rodada 11;Shell Brasil1 ;1
Barreirinhas;Mar;48610005490201310;BAR-M-342;Rodada 11;Shell Brasil1 ;0,5
Barreirinhas;Mar;48610005490201310;BAR-M-342;Rodada 11;Petrobras ;0,4
Barreirinhas;Mar;48610005447201346;BAR-M-344;Rodada 11;Shell Brasil1 ;0,5
Barreirinhas;Mar;48610005447201346;BAR-M-344;Rodada 11;Petrobras ;0,4
Barreirinhas;Mar;48610005497201323;BAR-M-346;Rodada 11;BP Energy1 ;0,5
Barreirinhas;Mar;48610005497201323;BAR-M-346;Rodada 11;Total E&P do Brasil ;0,5
Barreirinhas;Mar;48610005442201313;BAR-M-387;Rodada 11;3R Petroleum1 ;1
Barreirinhas;Mar;48610005461201340;BAR-M-388;Rodada 11;Shell Brasil1 ;0,5
Barreirinhas;Mar;48610005461201340;BAR-M-388;Rodada 11;Petrobras ;0,4
Camamu;Mar;486100079692004;CAL-M-188;Rodada 6;Petrobras1 ;1
Camamu;Mar;486100079702004;CAL-M-3;Rodada 6;Petrobras1 ;1
Camamu;Mar;486100079702004;CAL-M-58;Rodada 6;Petrobras1 ;1
Camamu;Mar;486100079702004;CAL-M-60;Rodada 6;Petrobras1 ;1
Campos;Mar;486100079762004;C-M-61;Rodada 6;Petro Rio Jaguar1 ;0,6
Campos;Mar;486100079762004;C-M-61;Rodada 6;TotalEnergies EP ;0,4
Campos;Mar;486100079742004;C-M-101;Rodada 6;Petro Rio Jaguar1 ;0,64286
Campos;Mar;486100079742004;C-M-101;Rodada 6;IBV Brasil ;0,35714
Campos;Mar;48610009157200561;C-M-539;Rodada 7;Equinor Energy1 ;0,35
Campos;Mar;48610009157200561;C-M-539;Rodada 7;Repsol Sinopec ;0,35
Campos;Mar;48610012634201718;C-M-210;Rodada 14;Petrobras1 ;0,5
Campos;Mar;48610012634201718;C-M-210;Rodada 14;ExxonMobil Brasil ;0,5
Campos;Mar;48610012633201765;C-M-277;Rodada 14;Petrobras1 ;0,5
Campos;Mar;48610012633201765;C-M-277;Rodada 14;ExxonMobil Brasil ;0,5
Campos;Mar;48610012629201705;C-M-344;Rodada 14;Petrobras1 ;0,5
Campos;Mar;48610012629201705;C-M-344;Rodada 14;ExxonMobil Brasil ;0,5
Campos;Mar;48610012632201711;C-M-346;Rodada 14;Petrobras1 ;0,5
Campos;Mar;48610012632201711;C-M-346;Rodada 14;ExxonMobil Brasil ;0,5
Campos;Mar;48610012635201754;C-M-37;Rodada 14;ExxonMobil Brasil1 ;1
Campos;Mar;48610012622201785;C-M-411;Rodada 14;Petrobras1 ;0,5
Campos;Mar;48610012622201785;C-M-411;Rodada 14;ExxonMobil Brasil ;0,5
Campos;Mar;48610012624201774;C-M-413;Rodada 14;Petrobras1 ;0,5
Campos;Mar;48610012624201774;C-M-413;Rodada 14;ExxonMobil Brasil ;0,5
Campos;Mar;48610012636201707;C-M-67;Rodada 14;ExxonMobil Brasil1 ;1
Campos;Mar;48610005772201813;C-M-657;Rodada 15;Petrobras1 ;0,3
Campos;Mar;48610005772201813;C-M-657;Rodada 15;ExxonMobil Brasil ;0,4
Campos;Mar;48610005777201846;C-M-709;Rodada 15;Petrobras1 ;0,4
Campos;Mar;48610005777201846;C-M-709;Rodada 15;ExxonMobil Brasil ;0,4
Campos;Mar;48610005778201891;C-M-753;Rodada 15;ExxonMobil Brasil1 ;0,4
Campos;Mar;48610005778201891;C-M-753;Rodada 15;Petrobras ;0,3
Campos;Mar;48610005695201800;C-M-755;Rodada 15;BP Energy1 ;0,6
Campos;Mar;48610005695201800;C-M-755;Rodada 15;Equinor Brasil ;0,4
Campos;Mar;48610005698201835;C-M-789;Rodada 15;ExxonMobil Brasil1 ;0,4
Campos;Mar;48610005698201835;C-M-789;Rodada 15;Petrobras ;0,3
Campos;Mar;48610005687201855;C-M-791;Rodada 15;Shell Brasil1 ;0,4
Campos;Mar;48610005687201855;C-M-791;Rodada 15;Chevron Brasil ;0,4
Campos;Mar;48610005696201846;C-M-793;Rodada 15;BP Energy1 ;0,6
Campos;Mar;48610005696201846;C-M-793;Rodada 15;Equinor Brasil ;0,4
Campos;Mar;48610005692201868;C-M-821;Rodada 15;Repsol1 ;0,4
Campos;Mar;48610005692201868;C-M-821;Rodada 15;Chevron Brasil ;0,4
Campos;Mar;48610005693201811;C-M-823;Rodada 15;Repsol1 ;0,4
Campos;Mar;48610005693201811;C-M-823;Rodada 15;Chevron Brasil ;0,4
Campos;Mar;48610221672201913;C-M-477;Rodada 16;Petrobras1 ;0,7
Campos;Mar;48610221672201913;C-M-477;Rodada 16;BP Energy ;0,3
Campos;Mar;48610221675201957;C-M-479;Rodada 16;ExxonMobil Brasil1 ;1
Campos;Mar;48610221673201968;C-M-541;Rodada 16;Total E&P do Brasil1 ;0,4
Campos;Mar;48610221673201968;C-M-541;Rodada 16;QP Brasil ;0,4
Campos;Mar;48610221674201911;C-M-659;Rodada 16;Shell Brasil1 ;0,4
Campos;Mar;48610221674201911;C-M-659;Rodada 16;Chevron Brasil ;0,35
Campos;Mar;48610221676201900;C-M-661;Rodada 16;Petronas1 ;1
Campos;Mar;48610221678201991;C-M-713;Rodada 16;Shell Brasil1 ;0,4
Campos;Mar;48610221678201991;C-M-713;Rodada 16;Chevron Brasil ;0,35
Campos;Mar;48610221677201946;C-M-715;Rodada 16;Petronas1 ;1
Campos;Mar;48610221679201935;C-M-795;Rodada 16;Repsol1 ;1
Campos;Mar;48610221680201960;C-M-825;Rodada 16;Repsol1 ;0,6
Campos;Mar;48610221680201960;C-M-825;Rodada 16;Chevron Brasil ;0,4
Campos;Mar;48610221681201912;C-M-845;Rodada 16;Chevron Brasil1 ;0,4
Campos;Mar;48610221681201912;C-M-845;Rodada 16;Repsol ;0,4
Campos;Mar;48610204668202113;C-M-757;Oferta Permanente 2;Shell Brasil1 ;0,65
Campos;Mar;48610012962201714;ALTO_CF_CE;Partilha 3;Petrobras1 ;0,5
Campos;Mar;48610012962201714;ALTO_CF_CE;Partilha 3;BP Energy ;0,5
Campos;Mar;48610006635201804;2_IRMAOS;Partilha 4;Petrobras1 ;0,45
Campos;Mar;48610006635201804;2_IRMAOS;Partilha 4;BP Energy ;0,3
Campos;Mar;48610011230201880;SO_TRTG_VD;Partilha 5;Petrobras1 ;1
Ceará;Mar;48610005471201385;CE-M-603;Rodada 11;3R Petroleum1 ;0,3
Ceará;Mar;48610005471201385;CE-M-603;Rodada 11;Azibras ;0,7
Ceará;Mar;48610005396201352;CE-M-715;Rodada 11;Petro Rio Jaguar1 ;0,5
Ceará;Mar;48610005396201352;CE-M-715;Rodada 11; Ecopetrol ;0,5
Ceará;Mar;48610005694201857;CE-M-601;Rodada 15;Wintershall Brasil1 ;1
Espírito Santo;Mar;486100079772004;ES-M-414;Rodada 6;Petrobras1 ;1
Espírito Santo;Mar;486100079792004;ES-M-525;Rodada 6;Petrobras1 ;0,65
Espírito Santo;Mar;486100079792004;ES-M-525;Rodada 6;PTTEP Brasil ;0,2
Espírito Santo;Mar;48610005468201361;ES-M-596;Rodada 11;Petrobras1 ;1
Espírito Santo;Mar;48610005475201363;ES-M-598;Rodada 11;Petrobras1 ;0,8
Espírito Santo;Mar;48610005475201363;ES-M-598;Rodada 11; Enauta Energia ;0,2
Espírito Santo;Mar;48610005472201320;ES-M-669;Rodada 11;Petrobras1 ;0,4
Espírito Santo;Mar;48610005472201320;ES-M-669;Rodada 11;Equinor Brasil ;0,35
Espírito Santo;Mar;48610005485201307;ES-M-671;Rodada 11;Petrobras1 ;1
Espírito Santo;Mar;48610005474201319;ES-M-673;Rodada 11;Petrobras1 ;0,8
Espírito Santo;Mar;48610005474201319;ES-M-673;Rodada 11;Enauta Energia ;0,2
Espírito Santo;Mar;48610005459201371;ES-M-743;Rodada 11;Petrobras1 ;1
Espírito Santo;Terra;48610005457201381;ES-T-496;Rodada 11;BGM1 ;1
Espírito Santo;Terra;48610005466201372;ES-T-506;Rodada 11;Cowan Petróleo e Gás1 ;1
Espírito Santo;Terra;48610005456201337;ES-T-516;Rodada 11;Cowan Petróleo e Gás1 ;1
Espírito Santo;Mar;48610012647201789;ES-M-592;Rodada 14;CNOOC Petroleum1 ;1
Espírito Santo;Mar;48610012646201734;ES-M-667;Rodada 14;Repsol1 ;1
Espírito Santo;Terra;48610012630201721;ES-T-345;Rodada 14;BGM1 ;1
Espírito Santo;Terra;48610012627201716;ES-T-354;Rodada 14;Imetame1 ;0,5
Espírito Santo;Terra;48610012627201716;ES-T-354;Rodada 14;Energy Paranã ;0,5
Bacias Sedimentares;Terra/Mar;Contratos;Blocos;Rodadas;Concessionários ;
Espírito Santo;Terra;48610012638201798;ES-T-373;Rodada 14;Imetame1 ;0,5
Espírito Santo;Terra;48610012638201798;ES-T-373;Rodada 14;Energy Paranã ;0,5
Espírito Santo;Terra;48610012631201776;ES-T-441;Rodada 14;Imetame Lagoa Parda1 ;1
Espírito Santo;Terra;48610012644201745;ES-T-453;Rodada 14;Vipetro1 ;1
Espírito Santo;Terra;48610012628201752;ES-T-476;Rodada 14;BGM1 ;1
Espírito Santo;Terra;48610012626201763;ES-T-477;Rodada 14;Imetame1 ;0,5
Espírito Santo;Terra;48610012626201763;ES-T-477;Rodada 14;Energy Paranã ;0,5
Espírito Santo;Terra;48610012641201710;ES-T-487;Rodada 14;Imetame Lagoa Parda1 ;1
Espírito Santo;Terra;48610204669202150;ES-T-305;Oferta Permanente 2;Imetame1 ;0,5
Espírito Santo;Terra;48610204669202150;ES-T-305;Oferta Permanente 2;Energy Paranã ;0,5
Espírito Santo;Terra;48610204670202184;ES-T-409;Oferta Permanente 2;Imetame1 ;0,5
Espírito Santo;Terra;48610204670202184;ES-T-409;Oferta Permanente 2;Energy Paranã ;0,5
Espírito Santo;Terra;48610204671202129;ES-T-429;Oferta Permanente 2;Imetame1 ;0,5
Espírito Santo;Terra;48610204671202129;ES-T-429;Oferta Permanente 2;Energy Paranã ;0,5
Espírito Santo;Terra;48610204672202173;ES-T-466;Oferta Permanente 2;Imetame1 ;0,5
Espírito Santo;Terra;48610204672202173;ES-T-466;Oferta Permanente 2;Energy Paranã ;0,5
Espírito Santo;Terra;48610204673202118;ES-T-486A;Oferta Permanente 2;Imetame1 ;0,5
Espírito Santo;Terra;48610204673202118;ES-T-486A;Oferta Permanente 2;Energy Paranã ;0,5
Espírito Santo;Terra;48610204674202162;ES-T-517;Oferta Permanente 2;Imetame1 ;0,5
Espírito Santo;Terra;48610204674202162;ES-T-517;Oferta Permanente 2;Energy Paranã ;0,5
Espírito Santo;Terra;48610204675202115;ES-T-527;Oferta Permanente 2;Imetame1 ;0,5
Espírito Santo;Terra;48610204675202115;ES-T-527;Oferta Permanente 2;Energy Paranã ;0,5
Foz do Amazonas;Mar;48610005518201319;FZA-M-125;Rodada 11;Petrobras1 ;1
Foz do Amazonas;Mar;48610005504201397;FZA-M-127;Rodada 11;Petrobras1 ;1
Foz do Amazonas;Mar;48610005487201398;FZA-M-254;Rodada 11;Petro Rio Coral1 ;1
Foz do Amazonas;Mar;48610005489201387;FZA-M-539;Rodada 11;Petro Rio Coral1 ;1
Foz do Amazonas;Mar;48610005500201317;FZA-M-57;Rodada 11;Petrobras1 ;1
Foz do Amazonas;Mar;48610005507201321;FZA-M-59;Rodada 11;Petrobras1 ;1
Foz do Amazonas;Mar;48610005510201344;FZA-M-86;Rodada 11;Petrobras1 ;1
Foz do Amazonas;Mar;48610005505201331;FZA-M-88;Rodada 11;Petrobras1 ;1
Foz do Amazonas;Mar;48610005428201310;FZA-M-90;Rodada 11;Enauta Energia1 ;1
Jequitinhonha;Mar;486100094962003;J-M-115;Rodada 5;Petrobras1 ;1
Jequitinhonha;Mar;486100094962003;J-M-165;Rodada 5;Petrobras1 ;1
Jequitinhonha;Mar;486100094962003;J-M-3;Rodada 5;Petrobras1 ;1
Jequitinhonha;Mar;486100094962003;J-M-5;Rodada 5;Petrobras1 ;1
Jequitinhonha;Mar;486100094962003;J-M-63;Rodada 5;Petrobras1 ;1
Jequitinhonha;Mar;486100079882004;J-M-59;Rodada 6;Petrobras1 ;1
Jequitinhonha;Mar;486100079882004;J-M-61;Rodada 6;Petrobras1 ;1
Pará - Maranhão;Mar;486100107092001;BM-PAMA-3;Rodada 3;Petrobras1 ;1
Pará - Maranhão;Mar;486100079892004;PAMA-M-192;Rodada 6;Petrobras1 ;0,8
Pará - Maranhão;Mar;486100079892004;PAMA-M-192;Rodada 6;Sinopec ;0,2
Pará - Maranhão;Mar;486100079892004;PAMA-M-194;Rodada 6;Petrobras1 ;0,8
Pará - Maranhão;Mar;486100079892004;PAMA-M-194;Rodada 6;Sinopec ;0,2
Pará - Maranhão;Mar;48610005473201374;PAMA-M-265;Rodada 11;Enauta Energia1 ;1
Pará - Maranhão;Mar;48610005469201314;PAMA-M-337;Rodada 11;Enauta Energia1 ;1
Paraná;Terra;48610000077201431;PAR-T-198;Rodada 12;Petrobras1 ;1
Paraná;Terra;48610000081201408;PAR-T-218;Rodada 12;Petrobras1 ;1
Paraná;Terra;48610012654201781;PAR-T-175;Rodada 14;Petrobras1 ;1
Paraná;Terra;48610204676202151;PAR-T-196;Oferta Permanente 2;Eneva1 ;0,7
Paraná;Terra;48610204676202151;PAR-T-196;Oferta Permanente 2;Enauta Energia ;0,3
Paraná;Terra;48610204677202104;PAR-T-215;Oferta Permanente 2;Eneva1 ;0,7
Paraná;Terra;48610204677202104;PAR-T-215;Oferta Permanente 2;Enauta Energia ;0,3
Paraná;Terra;48610204678202141;PAR-T-86;Oferta Permanente 2;Eneva1 ;0,7
Paraná;Terra;48610204678202141;PAR-T-86;Oferta Permanente 2;Enauta Energia ;0,3
Paraná;Terra;48610204679202195;PAR-T-99;Oferta Permanente 2;Eneva1 ;0,7
Paraná;Terra;48610204679202195;PAR-T-99;Oferta Permanente 2;Enauta Energia ;0,3
Parnaíba;Terra;48610001414200860;PN-T-48;Rodada 9;Eneva1 ;1
Parnaíba;Terra;48610010793201516;PN-T-103;Rodada 13;Eneva1 ;1
Parnaíba;Terra;48610010799201585;PN-T-146;Rodada 13;Eneva1 ;1
Parnaíba;Terra;48610010800201571;PN-T-149;Rodada 13;Vipetro1 ;1
Parnaíba;Terra;48610010802201561;PN-T-163;Rodada 13;Eneva1 ;1
Parnaíba;Terra;48610010795201505;PN-T-69;Rodada 13;Eneva1 ;1
Parnaíba;Terra;48610010797201596;PN-T-87;Rodada 13;Eneva1 ;1
Parnaíba;Terra;48610012620201796;PN-T-117;Rodada 14;Eneva1 ;1
Parnaíba;Terra;48610012619201761;PN-T-118;Rodada 14;Eneva1 ;1
Parnaíba;Terra;48610012655201725;PN-T-119;Rodada 14;Eneva1 ;1
Parnaíba;Terra;48610012621201731;PN-T-133;Rodada 14;Eneva1 ;1
Parnaíba;Terra;48610012653201736;PN-T-134;Rodada 14;Eneva1 ;1
Parnaíba;Terra;48610222047201999;PN-T-47;Oferta Permanente 1;Eneva1 ;1
Parnaíba;Terra;48610222049201988;PN-T-66;Oferta Permanente 1;Eneva1 ;1
Parnaíba;Terra;48610222051201957;PN-T-68;Oferta Permanente 1;Eneva1 ;1
Parnaíba;Terra;48610222048201933;PN-T-48A;Oferta Permanente 1;Eneva1 ;1
Parnaíba;Terra;48610222050201911;PN-T-67A;Oferta Permanente 1;Eneva1 ;1
Parnaíba;Terra;48610222046201944;PN-T-102A;Oferta Permanente 1;Eneva1 ;1
Pernambuco - Paraíba;Mar;48610001410200881;PEPB-M-783;Rodada 9;Petrobras1 ;0,8
Pernambuco - Paraíba;Mar;48610001410200881;PEPB-M-783;Rodada 9;Petrogal Brasil ;0,2
Pernambuco - Paraíba;Mar;48610001412200871;PEPB-M-839;Rodada 9;Petrobras1 ;0,8
Pernambuco - Paraíba;Mar;48610001412200871;PEPB-M-839;Rodada 9;Petrogal Brasil ;0,2
Potiguar;Mar;48610009149200515;POT-M-853;Rodada 7;Petrobras1 ;0,4
Potiguar;Mar;48610009149200515;POT-M-853;Rodada 7;BP Energy ;0,4
Potiguar;Mar;48610009149200515;POT-M-855;Rodada 7;Petrobras1 ;0,4
Potiguar;Mar;48610009149200515;POT-M-855;Rodada 7;BP Energy ;0,4
Potiguar;Terra;48610009128200516A;POT-T-794;Rodada 7;SHB1 ;0,3
Potiguar;Terra;48610009128200516A;POT-T-794;Rodada 7;Petrobras ;0,7
Potiguar;Mar;48610005446201300;POT-M-475;Rodada 11;3R Petroleum1 ;0,3
Potiguar;Mar;48610005446201300;POT-M-475;Rodada 11;Azibras ;0,7
Potiguar;Terra;48610010805201502;POT-T-741;Rodada 13;Imetame1 ;1
Potiguar;Terra;48610012639201732;POT-T-785;Rodada 14;Geopark Brasil1 ;0,7
Potiguar;Terra;48610012639201732;POT-T-785;Rodada 14;Petroil ;0,3
Potiguar;Mar;48610005779201835;POT-M-762;Rodada 15;Petrobras1 ;1
Potiguar;Mar;48610005780201860;POT-M-857;Rodada 15;Wintershall Brasil1 ;0,7
Potiguar;Mar;48610005780201860;POT-M-857;Rodada 15;Murphy Brasil ;0,3
Potiguar;Mar;48610005770201824;POT-M-859;Rodada 15;Petrobras1 ;0,6
Potiguar;Mar;48610005770201824;POT-M-859;Rodada 15;Shell Brasil ;0,4
Potiguar;Mar;48610005699201880;POT-M-863;Rodada 15;Wintershall Brasil1 ;0,7
Potiguar;Mar;48610005699201880;POT-M-863;Rodada 15;Murphy Brasil ;0,3
Potiguar;Mar;48610005697201891;POT-M-865;Rodada 15;Wintershall Brasil1 ;0,7
Potiguar;Mar;48610005697201891;POT-M-865;Rodada 15;Murphy Brasil ;0,3
Potiguar;Mar;48610005781201812;POT-M-948;Rodada 15;Shell Brasil1 ;1
Potiguar;Mar;48610005771201879;POT-M-952;Rodada 15;Petrobras1 ;0,6
Potiguar;Mar;48610005771201879;POT-M-952;Rodada 15;Shell Brasil ;0,4
Potiguar;Terra;48610222052201900;POT-T-392;Oferta Permanente 1;Petro-Victory1 ;1
Potiguar;Terra;48610222053201946;POT-T-432;Oferta Permanente 1;Petro-Victory1 ;1
Potiguar;Terra;48610222054201991;POT-T-433;Oferta Permanente 1;Petro-Victory1 ;1
Potiguar;Terra;48610222055201935;POT-T-434;Oferta Permanente 1;Petro-Victory1 ;1
Potiguar;Terra;48610222056201980;POT-T-476;Oferta Permanente 1;Petro-Victory1 ;1
Potiguar;Terra;48610222057201924;POT-T-477;Oferta Permanente 1;Petro-Victory1 ;1
Potiguar;Terra;48610222058201979;POT-T-478;Oferta Permanente 1;Petro-Victory1 ;1
Potiguar;Terra;48610222059201913;POT-T-519;Oferta Permanente 1;Petro-Victory1 ;1
Potiguar;Terra;48610222060201948;POT-T-521;Oferta Permanente 1;Petro-Victory1 ;1
Potiguar;Terra;48610222061201992;POT-T-564;Oferta Permanente 1;Petro-Victory1 ;1
Potiguar;Terra;48610222062201937;POT-T-565;Oferta Permanente 1;Phoenix Óleo & Gás1 ;1
Potiguar;Terra;48610222063201981;POT-T-566;Oferta Permanente 1;Petro-Victory1 ;1
Potiguar;Terra;48610222064201926;POT-T-606;Oferta Permanente 1;Petro-Victory1 ;1
Potiguar;Terra;48610222065201971;POT-T-610;Oferta Permanente 1;Phoenix Óleo & Gás1 ;1
Potiguar;Terra;48610222066201915;POT-T-650;Oferta Permanente 1;Petro-Victory1 ;1
Potiguar;Terra;48610222067201960;POT-T-651;Oferta Permanente 1;Petro-Victory1 ;1
Potiguar;Terra;48610222068201912;POT-T-652;Oferta Permanente 1;Petro-Victory1 ;1
Potiguar;Terra;48610222069201959;POT-T-740;Oferta Permanente 1;Imetame1 ;1
Potiguar;Terra;48610222070201983;POT-T-834;Oferta Permanente 1;Geopark Brasil1 ;1
Potiguar;Terra;48610204680202110;POT-T-702;Oferta Permanente 2;Potiguar E&P1 ;1
Recôncavo;Terra;48610001443200821;REC-T-129;Rodada 9;Maha Energy1 ;1
Recôncavo;Terra;48610001446200865;REC-T-142;Rodada 9;Maha Energy1 ;1
Recôncavo;Terra;48610001427200839A;REC-T-155;Rodada 9;Maha Energy1 ;1
Recôncavo;Terra;48610001441200832;REC-T-158;Rodada 9;Cowan Petróleo e Gás1 ;1
Recôncavo;Terra;48610001427200839;REC-T-182;Rodada 9;Alvopetro1 ;1
Recôncavo;Terra;48610001295200845;REC-T-183;Rodada 9;Alvopetro1 ;1
Bacias Sedimentares;Terra/Mar;Contratos;Blocos;Rodadas;Concessionários ;
Recôncavo;Terra;48610001425200840;REC-T-197;Rodada 9;Alvopetro1 ;1
Recôncavo;Terra;48610005460201303;REC-T-117;Rodada 11;Maha Energy1 ;1
Recôncavo;Terra;48610005386201317;REC-T-118;Rodada 11;Maha Energy1 ;1
Recôncavo;Terra;48610005511201399;REC-T-75;Rodada 11;Imetame1 ;1
Recôncavo;Terra;48610005425201386;REC-T-107;Rodada 11;Great Energy1 ;0,51
Recôncavo;Terra;48610005425201386;REC-T-107;Rodada 11;Great 108 ;0,49
Recôncavo;Terra;48610000064201462;REC-T-59;Rodada 12;Tog Brasil1 ;1
Recôncavo;Terra;48610000068201441;REC-T-68;Rodada 12;Tog Brasil1 ;1
Recôncavo;Terra;48610000097201411;REC-T-69;Rodada 12;Tog Brasil1 ;1
Recôncavo;Terra;48610000055201471;REC-T-78;Rodada 12;Tog Brasil1 ;1
Recôncavo;Terra;48610000103201421;REC-T-79;Rodada 12;Tog Brasil1 ;1
Recôncavo;Terra;48610000070201410;REC-T-88;Rodada 12;Tog Brasil1 ;1
Recôncavo;Terra;48610010812201504;REC-T-108;Rodada 13;Great Energy1 ;0,51
Recôncavo;Terra;48610010812201504;REC-T-108;Rodada 13;Great 42 ;0,49
Recôncavo;Terra;48610010824201521;REC-T-180;Rodada 13;Recôncavo Energia1 ;1
Recôncavo;Terra;48610010816201584;REC-T-99;Rodada 13;Imetame1 ;1
Recôncavo;Terra;48610012642201756;REC-T-109;Rodada 14;Petroil1 ;0,4
Recôncavo;Terra;48610012642201756;REC-T-109;Rodada 14;Oil Group ;0,4
Recôncavo;Terra;48610012643201709;REC-T-119;Rodada 14;Petroil1 ;0,4
Recôncavo;Terra;48610012643201709;REC-T-119;Rodada 14;Oil Group ;0,4
Recôncavo;Terra;48610012652201791;REC-T-120;Rodada 14;Petroil1 ;0,4
Recôncavo;Terra;48610012652201791;REC-T-120;Rodada 14;Oil Group ;0,4
Recôncavo;Terra;48610012651201747;REC-T-166;Rodada 14;Great Energy1 ;1
Recôncavo;Terra;48610222073201917;REC-T-58;Oferta Permanente 1;Geopark Brasil1 ;1
Recôncavo;Terra;48610222071201928;REC-T-67;Oferta Permanente 1;Geopark Brasil1 ;1
Recôncavo;Terra;48610222072201972;REC-T-77;Oferta Permanente 1;Geopark Brasil1 ;1
Recôncavo;Terra;48610222074201961;REC-T-110;Oferta Permanente 1;Petroil1 ;0,5
Recôncavo;Terra;48610222074201961;REC-T-110;Oferta Permanente 1;Oil Group ;0,5
Recôncavo;Terra;48610222075201914;REC-T-121;Oferta Permanente 1;Petroil1 ;0,5
Recôncavo;Terra;48610222075201914;REC-T-121;Oferta Permanente 1;Oil Group ;0,5
Santos;Mar;486100107332001;BM-S-24;Rodada 3;Petrobras1 ;0,8
Santos;Mar;486100107332001;BM-S-24;Rodada 3;Petrogal Brasil ;0,2
Santos;Mar;48610009180200556;S-M-623;Rodada 7;Petrobras1 ;0,6
Santos;Mar;48610009180200556;S-M-623;Rodada 7;Repsol Sinopec ;0,2
Santos;Mar;48610009184200500;S-M-518;Rodada 7;Shell Brasil1 ;0,5
Santos;Mar;48610009184200500;S-M-518;Rodada 7;Ecopetrol ;0,3
Santos;Mar;48610012650201701;S-M-1537;Rodada 14;Karoon1 ;1
Santos;Mar;48610005782201859;S-M-536;Rodada 15;ExxonMobil Brasil1 ;0,64
Santos;Mar;48610005782201859;S-M-536;Rodada 15;QP Brasil ;0,36
Santos;Mar;48610005775201857;S-M-647;Rodada 15;ExxonMobil Brasil1 ;0,64
Santos;Mar;48610005775201857;S-M-647;Rodada 15;QP Brasil ;0,36
Santos;Mar;48610005776201800;S-M-764;Rodada 15;Chevron Brasil1 ;0,4
Santos;Mar;48610005776201800;S-M-764;Rodada 15;Repsol ;0,4
Santos;Mar;48610221683201901;S-M-766;Rodada 16;Chevron Brasil1 ;0,4
Santos;Mar;48610221683201901;S-M-766;Rodada 16;Repsol ;0,4
Santos;Mar;48610221682201959;S-M-1500;Rodada 16;BP Energy1 ;1
Santos;Mar;48610011150201310;Libra;Partilha 1;Petrobras1 ;0,4
Santos;Mar;48610011150201310;Libra;Partilha 1;Shell Brasil ;0,2
Santos;Mar;48610012965201740;S_GATO_MAT;Partilha 2;Shell Brasil1 ;0,5
Santos;Mar;48610012965201740;S_GATO_MAT;Partilha 2;Ecopetrol ;0,3
Santos;Mar;48610012963201751;ALTO_CF_O;Partilha 3;Shell Brasil1 ;0,55
Santos;Mar;48610012963201751;ALTO_CF_O;Partilha 3;QP Brasil ;0,25
Santos;Mar;48610006636201841;BLC_3MARIA;Partilha 4;Petrobras1 ;0,3
Santos;Mar;48610006636201841;BLC_3MARIA;Partilha 4;Shell Brasil ;0,4
Santos;Mar;48610006637201895;BLC_UIRAPR;Partilha 4;Petrobras1 ;0,3
Santos;Mar;48610006637201895;BLC_UIRAPR;Partilha 4;Equinor Brasil ;0,28
Santos;Mar;48610011229201855;PAU_BRASIL;Partilha 5;BP Energy1 ;0,5
Santos;Mar;48610011229201855;PAU_BRASIL;Partilha 5;CNOOC Petroleum ;0,3
Santos;Mar;48610011231201824;SATURNO;Partilha 5;Shell Brasil1 ;0,45
Santos;Mar;48610011231201824;SATURNO;Partilha 5;Chevron Brasil ;0,45
Santos;Mar;48610011228201819;TITA;Partilha 5;ExxonMobil Brasil1 ;0,64
Santos;Mar;48610011228201819;TITA;Partilha 5;QP Brasil ;0,36
Santos;Mar;48610220938201919;ARAM;Partilha 6;Petrobras1 ;0,8
Santos;Mar;48610220938201919;ARAM;Partilha 6;CNODC Brasil ;0,2
São Francisco;Terra;48610009207200519;SF-T-132;Rodada 7;Cemes1 ;0,51
São Francisco;Terra;48610009207200519;SF-T-132;Rodada 7;Codemig ;0,49
São Francisco;Terra;48610001558200905;SF-T-104;Rodada 10;Imetame1 ;0,51
São Francisco;Terra;48610001558200905;SF-T-104;Rodada 10;Cemig ;0,245
São Francisco;Terra;48610001559200941;SF-T-114;Rodada 10;Imetame1 ;0,51
São Francisco;Terra;48610001559200941;SF-T-114;Rodada 10;Cemig ;0,245
Sergipe;Mar;486100038942000;BM-SEAL-4;Rodada 2;Petrobras1 ;0,75
Sergipe;Mar;486100038942000;BM-SEAL-4;Rodada 2;ONGC Campos ;0,25
Sergipe;Mar;486100038942000A;BM-SEAL-4A;Rodada 2;Petrobras1 ;1
Sergipe;Mar;486100080222004;SEAL-M-347;Rodada 6;Petrobras1 ;1
Sergipe;Mar;486100080222004;SEAL-M-424;Rodada 6;Petrobras1 ;1
Sergipe;Mar;486100080232004;SEAL-M-349;Rodada 6;Petrobras1 ;0,6
Sergipe;Mar;486100080232004;SEAL-M-349;Rodada 6;IBV Brasil ;0,4
Sergipe;Mar;486100080222004;SEAL-M-499;Rodada 6;Petrobras1 ;1
Sergipe;Mar;486100080232004;SEAL-M-426;Rodada 6;Petrobras1 ;0,6
Sergipe;Mar;486100080232004;SEAL-M-426;Rodada 6;IBV Brasil Petróleo ;0,4
Sergipe;Mar;48610010826201510;SEAL-M-351;Rodada 13;ExxonMobil Brasil1 ;0,5
Sergipe;Mar;48610010826201510;SEAL-M-351;Rodada 13;Enauta Energia ;0,3
Sergipe;Mar;48610010827201564;SEAL-M-428;Rodada 13;ExxonMobil Brasil1 ;0,5
Sergipe;Mar;48610010827201564;SEAL-M-428;Rodada 13;Enauta Energia ;0,3
Sergipe;Mar;48610012640201767;SEAL-M-501;Rodada 14;ExxonMobil Brasil1 ;0,5
Sergipe;Mar;48610012640201767;SEAL-M-501;Rodada 14;Enauta Energia ;0,3
Sergipe;Mar;48610012625201719;SEAL-M-503;Rodada 14;ExxonMobil Brasil1 ;0,5
Sergipe;Mar;48610012625201719;SEAL-M-503;Rodada 14;Enauta Energia ;0,3
Sergipe;Mar;48610005774201811;SEAL-M-573;Rodada 15;ExxonMobil Brasil1 ;0,5
Sergipe;Mar;48610005774201811;SEAL-M-573;Rodada 15;Enauta Energia ;0,3
Sergipe;Mar;48610222076201951;SEAL-M-505;Oferta Permanente 1;ExxonMobil Brasil1 ;0,5
Sergipe;Mar;48610222076201951;SEAL-M-505;Oferta Permanente 1;Enauta Energia ;0,3
Sergipe;Mar;48610222077201903;SEAL-M-575;Oferta Permanente 1;ExxonMobil Brasil1 ;0,5
Sergipe;Mar;48610222077201903;SEAL-M-575;Oferta Permanente 1;Enauta Energia ;0,3
Sergipe;Mar;48610222078201940;SEAL-M-637;Oferta Permanente 1;ExxonMobil Brasil1 ;0,5
Sergipe;Mar;48610222078201940;SEAL-M-637;Oferta Permanente 1;Enauta Energia ;0,3
Solimões;Terra;48610009147200526A;SOL-T-169;Rodada 7;Rosneft1 ;1
Solimões;Terra;48610009147200526A;SOL-T-170;Rodada 7;Rosneft1 ;1
Solimões;Terra;48610009147200526A;SOL-T-192;Rodada 7;Rosneft1 ;1
Tucano Sul;Terra;48610005437201319;TUC-T-139;Rodada 11;Imetame1 ;0,3
Tucano Sul;Terra;48610005437201319;TUC-T-139;Rodada 11;Energy Paranã ;0,7
Tucano Sul;Terra;48610005438201355;TUC-T-147;Rodada 11;Imetame1 ;0,3
Tucano Sul;Terra;48610005438201355;TUC-T-147;Rodada 11;Energy Paranã ;0,7
